{
  "fid": 25102.55078125,
  "kid": 0.010183334350585938
}