{"mean": [0.8830156922340393, 1.3010867834091187], "std": 20.08604621887207}