{
  "fid": 24050.408203125,
  "kid": 0.011075019836425781
}