{"mean": [1.1161093711853027, 0.4855796992778778], "std": 24.72195816040039}