{
  "cat": {
    "fid": 25941.93359375,
    "kid": 0.011412620544433594
  },
  "bus": {
    "fid": 24050.408203125,
    "kid": 0.011075019836425781
  },
  "rabbit": {
    "fid": 25102.55078125,
    "kid": 0.010183334350585938
  }
}