{
  "fid": 25941.93359375,
  "kid": 0.011412620544433594
}