{"mean": [0.9896374940872192, 1.0514929294586182], "std": 22.453784942626953}